Trade number,Instrument,Account,Strategy,Market pos.,Qty,Entry price,Exit price,Entry time,Exit time,Entry name,Exit name,Profit,Cum. net profit,Commission,Clearing Fee,Exchange Fee,IP Fee,NFA Fee,MAE,MFE,ETD,Bars,
1,NQ SEP25,Backtest,NEXAbsorptionFramework,Short,1,22864.50,22859.50,8/1/2025 9:54:00 AM,8/1/2025 9:54:00 AM,NEX_Short,Profit target,$94.24,$94.24,$5.76,$0.00,$0.00,$0.00,$0.00,$0.00,$100.00,$5.76,1,
2,NQ SEP25,Backtest,NEXAbsorptionFramework,Long,1,22841.50,22838.50,8/1/2025 10:05:00 AM,8/1/2025 10:05:00 AM,NEX_Long,Stop loss,($65.76),$28.48,$5.76,$0.00,$0.00,$0.00,$0.00,$60.00,$0.00,$65.76,1,
3,NQ SEP25,Backtest,NEXAbsorptionFramework,Short,1,22904.50,22899.50,8/1/2025 10:13:00 AM,8/1/2025 10:13:00 AM,NEX_Short,Profit target,$94.24,$122.72,$5.76,$0.00,$0.00,$0.00,$0.00,$0.00,$100.00,$5.76,1,
4,NQ SEP25,Backtest,NEXAbsorptionFramework,Short,1,22942.00,22945.00,8/1/2025 10:20:00 AM,8/1/2025 10:20:00 AM,NEX_Short,Stop loss,($65.76),$56.96,$5.76,$0.00,$0.00,$0.00,$0.00,$60.00,$0.00,$65.76,1,
5,NQ SEP25,Backtest,NEXAbsorptionFramework,Short,1,22945.00,22948.00,8/1/2025 10:27:00 AM,8/1/2025 10:27:00 AM,NEX_Short,Stop loss,($65.76),($8.80),$5.76,$0.00,$0.00,$0.00,$0.00,$60.00,$0.00,$65.76,1,
6,NQ SEP25,Backtest,NEXAbsorptionFramework,Short,1,22902.00,22905.00,8/1/2025 11:33:00 AM,8/1/2025 11:33:00 AM,NEX_Short,Stop loss,($65.76),($74.56),$5.76,$0.00,$0.00,$0.00,$0.00,$60.00,$0.00,$65.76,1,
7,NQ SEP25,Backtest,NEXAbsorptionFramework,Short,1,23012.00,23015.00,8/1/2025 12:03:00 PM,8/1/2025 12:03:00 PM,NEX_Short,Stop loss,($65.76),($140.32),$5.76,$0.00,$0.00,$0.00,$0.00,$60.00,$0.00,$65.76,1,
8,NQ SEP25,Backtest,NEXAbsorptionFramework,Long,1,23023.50,23028.50,8/1/2025 12:26:00 PM,8/1/2025 12:26:00 PM,NEX_Long,Profit target,$94.24,($46.08),$5.76,$0.00,$0.00,$0.00,$0.00,$0.00,$100.00,$5.76,1,
9,NQ SEP25,Backtest,NEXAbsorptionFramework,Long,1,23221.00,23218.00,8/4/2025 11:37:00 AM,8/4/2025 11:37:00 AM,NEX_Long,Stop loss,($65.76),($111.84),$5.76,$0.00,$0.00,$0.00,$0.00,$60.00,$0.00,$65.76,1,
10,NQ SEP25,Backtest,NEXAbsorptionFramework,Short,1,23267.75,23270.75,8/4/2025 12:26:00 PM,8/4/2025 12:28:00 PM,NEX_Short,Stop loss,($65.76),($177.60),$5.76,$0.00,$0.00,$0.00,$0.00,$60.00,$50.00,$115.76,3,
11,NQ SEP25,Backtest,NEXAbsorptionFramework,Short,1,23279.00,23282.00,8/4/2025 1:14:00 PM,8/4/2025 1:15:00 PM,NEX_Short,Stop loss,($65.76),($243.36),$5.76,$0.00,$0.00,$0.00,$0.00,$60.00,$15.00,$80.76,2,
12,NQ SEP25,Backtest,NEXAbsorptionFramework,Short,1,23277.75,23280.75,8/4/2025 1:17:00 PM,8/4/2025 1:17:00 PM,NEX_Short,Stop loss,($65.76),($309.12),$5.76,$0.00,$0.00,$0.00,$0.00,$60.00,$0.00,$65.76,1,
13,NQ SEP25,Backtest,NEXAbsorptionFramework,Short,1,23276.25,23279.25,8/4/2025 1:22:00 PM,8/4/2025 1:22:00 PM,NEX_Short,Stop loss,($65.76),($374.88),$5.76,$0.00,$0.00,$0.00,$0.00,$60.00,$0.00,$65.76,1,
14,NQ SEP25,Backtest,NEXAbsorptionFramework,Short,1,23305.75,23308.75,8/5/2025 9:32:00 AM,8/5/2025 9:32:00 AM,NEX_Short,Stop loss,($65.76),($440.64),$5.76,$0.00,$0.00,$0.00,$0.00,$60.00,$0.00,$65.76,1,
15,NQ SEP25,Backtest,NEXAbsorptionFramework,Short,1,23350.75,23353.75,8/5/2025 9:43:00 AM,8/5/2025 9:43:00 AM,NEX_Short,Stop loss,($65.76),($506.40),$5.76,$0.00,$0.00,$0.00,$0.00,$60.00,$0.00,$65.76,1,
16,NQ SEP25,Backtest,NEXAbsorptionFramework,Short,1,23308.25,23311.25,8/5/2025 10:17:00 AM,8/5/2025 10:17:00 AM,NEX_Short,Stop loss,($65.76),($572.16),$5.76,$0.00,$0.00,$0.00,$0.00,$60.00,$0.00,$65.76,1,
17,NQ SEP25,Backtest,NEXAbsorptionFramework,Long,1,23276.75,23281.75,8/5/2025 10:30:00 AM,8/5/2025 10:30:00 AM,NEX_Long,Profit target,$94.24,($477.92),$5.76,$0.00,$0.00,$0.00,$0.00,$0.00,$100.00,$5.76,1,
18,NQ SEP25,Backtest,NEXAbsorptionFramework,Long,1,23148.50,23145.50,8/5/2025 10:52:00 AM,8/5/2025 10:52:00 AM,NEX_Long,Stop loss,($65.76),($543.68),$5.76,$0.00,$0.00,$0.00,$0.00,$60.00,$0.00,$65.76,1,
19,NQ SEP25,Backtest,NEXAbsorptionFramework,Short,1,23196.50,23199.50,8/5/2025 11:06:00 AM,8/5/2025 11:06:00 AM,NEX_Short,Stop loss,($65.76),($609.44),$5.76,$0.00,$0.00,$0.00,$0.00,$60.00,$0.00,$65.76,1,
20,NQ SEP25,Backtest,NEXAbsorptionFramework,Short,1,23186.00,23189.00,8/5/2025 11:23:00 AM,8/5/2025 11:23:00 AM,NEX_Short,Stop loss,($65.76),($675.20),$5.76,$0.00,$0.00,$0.00,$0.00,$60.00,$0.00,$65.76,1,
21,NQ SEP25,Backtest,NEXAbsorptionFramework,Short,1,23197.75,23200.75,8/6/2025 9:35:00 AM,8/6/2025 9:35:00 AM,NEX_Short,Stop loss,($65.76),($740.96),$5.76,$0.00,$0.00,$0.00,$0.00,$60.00,$0.00,$65.76,1,
22,NQ SEP25,Backtest,NEXAbsorptionFramework,Long,1,23162.50,23167.50,8/6/2025 9:43:00 AM,8/6/2025 9:43:00 AM,NEX_Long,Profit target,$94.24,($646.72),$5.76,$0.00,$0.00,$0.00,$0.00,$0.00,$100.00,$5.76,1,
23,NQ SEP25,Backtest,NEXAbsorptionFramework,Short,1,23218.50,23213.50,8/6/2025 9:51:00 AM,8/6/2025 9:51:00 AM,NEX_Short,Profit target,$94.24,($552.48),$5.76,$0.00,$0.00,$0.00,$0.00,$0.00,$100.00,$5.76,1,
24,NQ SEP25,Backtest,NEXAbsorptionFramework,Short,1,23215.75,23218.75,8/6/2025 9:57:00 AM,8/6/2025 9:57:00 AM,NEX_Short,Stop loss,($65.76),($618.24),$5.76,$0.00,$0.00,$0.00,$0.00,$60.00,$0.00,$65.76,1,
25,NQ SEP25,Backtest,NEXAbsorptionFramework,Long,1,23175.00,23180.00,8/6/2025 10:29:00 AM,8/6/2025 10:29:00 AM,NEX_Long,Profit target,$94.24,($524.00),$5.76,$0.00,$0.00,$0.00,$0.00,$0.00,$100.00,$5.76,1,
26,NQ SEP25,Backtest,NEXAbsorptionFramework,Short,1,23273.00,23276.00,8/6/2025 11:12:00 AM,8/6/2025 11:12:00 AM,NEX_Short,Stop loss,($65.76),($589.76),$5.76,$0.00,$0.00,$0.00,$0.00,$60.00,$0.00,$65.76,1,
27,NQ SEP25,Backtest,NEXAbsorptionFramework,Short,1,23311.00,23306.00,8/6/2025 11:21:00 AM,8/6/2025 11:21:00 AM,NEX_Short,Profit target,$94.24,($495.52),$5.76,$0.00,$0.00,$0.00,$0.00,$0.00,$100.00,$5.76,1,
28,NQ SEP25,Backtest,NEXAbsorptionFramework,Short,1,23323.75,23326.75,8/6/2025 11:31:00 AM,8/6/2025 11:31:00 AM,NEX_Short,Stop loss,($65.76),($561.28),$5.76,$0.00,$0.00,$0.00,$0.00,$60.00,$0.00,$65.76,1,
29,NQ SEP25,Backtest,NEXAbsorptionFramework,Short,1,23334.50,23337.50,8/6/2025 11:35:00 AM,8/6/2025 11:35:00 AM,NEX_Short,Stop loss,($65.76),($627.04),$5.76,$0.00,$0.00,$0.00,$0.00,$60.00,$0.00,$65.76,1,
30,NQ SEP25,Backtest,NEXAbsorptionFramework,Short,1,23368.75,23371.75,8/6/2025 11:58:00 AM,8/6/2025 11:58:00 AM,NEX_Short,Stop loss,($65.76),($692.80),$5.76,$0.00,$0.00,$0.00,$0.00,$60.00,$0.00,$65.76,1,
31,NQ SEP25,Backtest,NEXAbsorptionFramework,Short,1,23369.75,23372.75,8/6/2025 12:23:00 PM,8/6/2025 12:23:00 PM,NEX_Short,Stop loss,($65.76),($758.56),$5.76,$0.00,$0.00,$0.00,$0.00,$60.00,$0.00,$65.76,1,
32,NQ SEP25,Backtest,NEXAbsorptionFramework,Short,1,23416.25,23416.00,8/6/2025 2:25:00 PM,8/6/2025 2:27:00 PM,NEX_Short,Stop loss,($0.76),($759.32),$5.76,$0.00,$0.00,$0.00,$0.00,$45.00,$65.00,$65.76,3,
33,NQ SEP25,Backtest,NEXAbsorptionFramework,Long,1,23590.00,23587.00,8/7/2025 9:32:00 AM,8/7/2025 9:32:00 AM,NEX_Long,Stop loss,($65.76),($825.08),$5.76,$0.00,$0.00,$0.00,$0.00,$60.00,$0.00,$65.76,1,
34,NQ SEP25,Backtest,NEXAbsorptionFramework,Short,1,23615.00,23615.00,8/7/2025 9:36:00 AM,8/7/2025 9:36:00 AM,NEX_Short,Stop loss,($5.76),($830.84),$5.76,$0.00,$0.00,$0.00,$0.00,$0.00,$0.00,$5.76,1,
35,NQ SEP25,Backtest,NEXAbsorptionFramework,Long,1,23654.00,23659.00,8/7/2025 10:01:00 AM,8/7/2025 10:01:00 AM,NEX_Long,Profit target,$94.24,($736.60),$5.76,$0.00,$0.00,$0.00,$0.00,$0.00,$100.00,$5.76,1,
36,NQ SEP25,Backtest,NEXAbsorptionFramework,Long,1,23565.00,23562.00,8/7/2025 10:30:00 AM,8/7/2025 10:30:00 AM,NEX_Long,Stop loss,($65.76),($802.36),$5.76,$0.00,$0.00,$0.00,$0.00,$60.00,$0.00,$65.76,1,
37,NQ SEP25,Backtest,NEXAbsorptionFramework,Long,1,23563.25,23560.25,8/7/2025 10:50:00 AM,8/7/2025 10:50:00 AM,NEX_Long,Stop loss,($65.76),($868.12),$5.76,$0.00,$0.00,$0.00,$0.00,$60.00,$0.00,$65.76,1,
38,NQ SEP25,Backtest,NEXAbsorptionFramework,Short,1,23544.00,23539.00,8/7/2025 10:55:00 AM,8/7/2025 10:55:00 AM,NEX_Short,Profit target,$94.24,($773.88),$5.76,$0.00,$0.00,$0.00,$0.00,$0.00,$100.00,$5.76,1,
39,NQ SEP25,Backtest,NEXAbsorptionFramework,Long,1,23528.50,23525.50,8/7/2025 11:06:00 AM,8/7/2025 11:06:00 AM,NEX_Long,Stop loss,($65.76),($839.64),$5.76,$0.00,$0.00,$0.00,$0.00,$60.00,$0.00,$65.76,1,
40,NQ SEP25,Backtest,NEXAbsorptionFramework,Long,1,23528.75,23525.75,8/7/2025 11:18:00 AM,8/7/2025 11:18:00 AM,NEX_Long,Stop loss,($65.76),($905.40),$5.76,$0.00,$0.00,$0.00,$0.00,$60.00,$0.00,$65.76,1,
41,NQ SEP25,Backtest,NEXAbsorptionFramework,Long,1,23428.75,23433.75,8/7/2025 12:44:00 PM,8/7/2025 12:44:00 PM,NEX_Long,Profit target,$94.24,($811.16),$5.76,$0.00,$0.00,$0.00,$0.00,$0.00,$100.00,$5.76,1,
42,NQ SEP25,Backtest,NEXAbsorptionFramework,Long,1,23403.25,23408.25,8/7/2025 1:35:00 PM,8/7/2025 1:35:00 PM,NEX_Long,Profit target,$94.24,($716.92),$5.76,$0.00,$0.00,$0.00,$0.00,$0.00,$100.00,$5.76,1,
43,NQ SEP25,Backtest,NEXAbsorptionFramework,Short,1,23394.25,23389.25,8/7/2025 3:24:00 PM,8/7/2025 3:24:00 PM,NEX_Short,Profit target,$94.24,($622.68),$5.76,$0.00,$0.00,$0.00,$0.00,$0.00,$100.00,$5.76,1,
44,NQ SEP25,Backtest,NEXAbsorptionFramework,Short,1,23568.75,23568.75,8/8/2025 9:40:00 AM,8/8/2025 9:40:00 AM,NEX_Short,Stop loss,($5.76),($628.44),$5.76,$0.00,$0.00,$0.00,$0.00,$0.00,$0.00,$5.76,1,
45,NQ SEP25,Backtest,NEXAbsorptionFramework,Short,1,23600.25,23600.25,8/8/2025 9:45:00 AM,8/8/2025 9:45:00 AM,NEX_Short,Stop loss,($5.76),($634.20),$5.76,$0.00,$0.00,$0.00,$0.00,$0.00,$0.00,$5.76,1,
46,NQ SEP25,Backtest,NEXAbsorptionFramework,Short,1,23646.25,23646.25,8/8/2025 10:07:00 AM,8/8/2025 10:07:00 AM,NEX_Short,Stop loss,($5.76),($639.96),$5.76,$0.00,$0.00,$0.00,$0.00,$0.00,$0.00,$5.76,1,
47,NQ SEP25,Backtest,NEXAbsorptionFramework,Long,1,23621.25,23626.25,8/8/2025 11:48:00 AM,8/8/2025 11:48:00 AM,NEX_Long,Profit target,$94.24,($545.72),$5.76,$0.00,$0.00,$0.00,$0.00,$0.00,$100.00,$5.76,1,
48,NQ SEP25,Backtest,NEXAbsorptionFramework,Long,1,23687.00,23692.00,8/8/2025 12:17:00 PM,8/8/2025 12:17:00 PM,NEX_Long,Profit target,$94.24,($451.48),$5.76,$0.00,$0.00,$0.00,$0.00,$0.00,$100.00,$5.76,1,
49,NQ SEP25,Backtest,NEXAbsorptionFramework,Short,1,23710.25,23710.25,8/8/2025 2:04:00 PM,8/8/2025 2:04:00 PM,NEX_Short,Stop loss,($5.76),($457.24),$5.76,$0.00,$0.00,$0.00,$0.00,$0.00,$0.00,$5.76,1,
50,NQ SEP25,Backtest,NEXAbsorptionFramework,Short,1,23720.75,23720.75,8/8/2025 2:10:00 PM,8/8/2025 2:10:00 PM,NEX_Short,Stop loss,($5.76),($463.00),$5.76,$0.00,$0.00,$0.00,$0.00,$0.00,$0.00,$5.76,1,
51,NQ SEP25,Backtest,NEXAbsorptionFramework,Short,1,23705.75,23705.75,8/8/2025 3:30:00 PM,8/8/2025 3:30:00 PM,NEX_Short,Stop loss,($5.76),($468.76),$5.76,$0.00,$0.00,$0.00,$0.00,$0.00,$0.00,$5.76,1,
52,NQ SEP25,Backtest,NEXAbsorptionFramework,Short,1,23719.50,23719.50,8/11/2025 9:32:00 AM,8/11/2025 9:32:00 AM,NEX_Short,Stop loss,($5.76),($474.52),$5.76,$0.00,$0.00,$0.00,$0.00,$0.00,$0.00,$5.76,1,
53,NQ SEP25,Backtest,NEXAbsorptionFramework,Short,1,23690.75,23690.75,8/11/2025 9:35:00 AM,8/11/2025 9:35:00 AM,NEX_Short,Stop loss,($5.76),($480.28),$5.76,$0.00,$0.00,$0.00,$0.00,$0.00,$0.00,$5.76,1,
54,NQ SEP25,Backtest,NEXAbsorptionFramework,Short,1,23748.25,23748.25,8/11/2025 10:14:00 AM,8/11/2025 10:14:00 AM,NEX_Short,Stop loss,($5.76),($486.04),$5.76,$0.00,$0.00,$0.00,$0.00,$0.00,$0.00,$5.76,1,
55,NQ SEP25,Backtest,NEXAbsorptionFramework,Short,1,23754.25,23754.25,8/11/2025 10:22:00 AM,8/11/2025 10:22:00 AM,NEX_Short,Stop loss,($5.76),($491.80),$5.76,$0.00,$0.00,$0.00,$0.00,$0.00,$0.00,$5.76,1,
56,NQ SEP25,Backtest,NEXAbsorptionFramework,Short,1,23756.25,23756.25,8/11/2025 10:25:00 AM,8/11/2025 10:25:00 AM,NEX_Short,Stop loss,($5.76),($497.56),$5.76,$0.00,$0.00,$0.00,$0.00,$0.00,$0.00,$5.76,1,
57,NQ SEP25,Backtest,NEXAbsorptionFramework,Short,1,23763.50,23758.50,8/12/2025 9:38:00 AM,8/12/2025 9:38:00 AM,NEX_Short,Profit target,$94.24,($403.32),$5.76,$0.00,$0.00,$0.00,$0.00,$0.00,$100.00,$5.76,1,
58,NQ SEP25,Backtest,NEXAbsorptionFramework,Short,1,23791.25,23791.25,8/12/2025 9:45:00 AM,8/12/2025 9:45:00 AM,NEX_Short,Stop loss,($5.76),($409.08),$5.76,$0.00,$0.00,$0.00,$0.00,$0.00,$0.00,$5.76,1,
59,NQ SEP25,Backtest,NEXAbsorptionFramework,Long,1,23686.50,23691.50,8/12/2025 9:54:00 AM,8/12/2025 9:54:00 AM,NEX_Long,Profit target,$94.24,($314.84),$5.76,$0.00,$0.00,$0.00,$0.00,$0.00,$100.00,$5.76,1,
60,NQ SEP25,Backtest,NEXAbsorptionFramework,Short,1,23825.00,23825.00,8/12/2025 11:16:00 AM,8/12/2025 11:16:00 AM,NEX_Short,Stop loss,($5.76),($320.60),$5.76,$0.00,$0.00,$0.00,$0.00,$0.00,$0.00,$5.76,1,
61,NQ SEP25,Backtest,NEXAbsorptionFramework,Short,1,23848.00,23848.00,8/12/2025 11:21:00 AM,8/12/2025 11:21:00 AM,NEX_Short,Stop loss,($5.76),($326.36),$5.76,$0.00,$0.00,$0.00,$0.00,$0.00,$0.00,$5.76,1,
62,NQ SEP25,Backtest,NEXAbsorptionFramework,Short,1,23875.00,23875.00,8/12/2025 12:27:00 PM,8/12/2025 12:27:00 PM,NEX_Short,Stop loss,($5.76),($332.12),$5.76,$0.00,$0.00,$0.00,$0.00,$0.00,$0.00,$5.76,1,
63,NQ SEP25,Backtest,NEXAbsorptionFramework,Long,1,23881.25,23878.25,8/12/2025 12:32:00 PM,8/12/2025 12:33:00 PM,NEX_Long,Stop loss,($65.76),($397.88),$5.76,$0.00,$0.00,$0.00,$0.00,$60.00,$40.00,$105.76,2,
64,NQ SEP25,Backtest,NEXAbsorptionFramework,Short,1,23880.00,23880.00,8/12/2025 12:41:00 PM,8/12/2025 12:41:00 PM,NEX_Short,Stop loss,($5.76),($403.64),$5.76,$0.00,$0.00,$0.00,$0.00,$0.00,$0.00,$5.76,1,
65,NQ SEP25,Backtest,NEXAbsorptionFramework,Long,1,24031.25,24036.25,8/13/2025 9:32:00 AM,8/13/2025 9:32:00 AM,NEX_Long,Profit target,$94.24,($309.40),$5.76,$0.00,$0.00,$0.00,$0.00,$0.00,$100.00,$5.76,1,
66,NQ SEP25,Backtest,NEXAbsorptionFramework,Short,1,24058.00,24058.00,8/13/2025 9:36:00 AM,8/13/2025 9:36:00 AM,NEX_Short,Stop loss,($5.76),($315.16),$5.76,$0.00,$0.00,$0.00,$0.00,$0.00,$0.00,$5.76,1,
67,NQ SEP25,Backtest,NEXAbsorptionFramework,Long,1,24001.75,23998.75,8/13/2025 10:05:00 AM,8/13/2025 10:05:00 AM,NEX_Long,Stop loss,($65.76),($380.92),$5.76,$0.00,$0.00,$0.00,$0.00,$60.00,$0.00,$65.76,1,
68,NQ SEP25,Backtest,NEXAbsorptionFramework,Long,1,23987.75,23984.75,8/13/2025 10:14:00 AM,8/13/2025 10:14:00 AM,NEX_Long,Stop loss,($65.76),($446.68),$5.76,$0.00,$0.00,$0.00,$0.00,$60.00,$0.00,$65.76,1,
69,NQ SEP25,Backtest,NEXAbsorptionFramework,Long,1,23971.25,23968.25,8/13/2025 10:29:00 AM,8/13/2025 10:29:00 AM,NEX_Long,Stop loss,($65.76),($512.44),$5.76,$0.00,$0.00,$0.00,$0.00,$60.00,$0.00,$65.76,1,
70,NQ SEP25,Backtest,NEXAbsorptionFramework,Long,1,23958.50,23963.50,8/13/2025 10:37:00 AM,8/13/2025 10:37:00 AM,NEX_Long,Profit target,$94.24,($418.20),$5.76,$0.00,$0.00,$0.00,$0.00,$0.00,$100.00,$5.76,1,
71,NQ SEP25,Backtest,NEXAbsorptionFramework,Long,1,23947.00,23952.00,8/13/2025 10:50:00 AM,8/13/2025 10:50:00 AM,NEX_Long,Profit target,$94.24,($323.96),$5.76,$0.00,$0.00,$0.00,$0.00,$0.00,$100.00,$5.76,1,
72,NQ SEP25,Backtest,NEXAbsorptionFramework,Long,1,23915.25,23912.25,8/13/2025 11:15:00 AM,8/13/2025 11:15:00 AM,NEX_Long,Stop loss,($65.76),($389.72),$5.76,$0.00,$0.00,$0.00,$0.00,$60.00,$0.00,$65.76,1,
73,NQ SEP25,Backtest,NEXAbsorptionFramework,Long,1,23905.75,23910.75,8/13/2025 11:19:00 AM,8/13/2025 11:19:00 AM,NEX_Long,Profit target,$94.24,($295.48),$5.76,$0.00,$0.00,$0.00,$0.00,$0.00,$100.00,$5.76,1,
74,NQ SEP25,Backtest,NEXAbsorptionFramework,Short,1,23846.75,23841.75,8/14/2025 9:32:00 AM,8/14/2025 9:32:00 AM,NEX_Short,Profit target,$94.24,($201.24),$5.76,$0.00,$0.00,$0.00,$0.00,$0.00,$100.00,$5.76,1,
75,NQ SEP25,Backtest,NEXAbsorptionFramework,Short,1,23869.25,23869.25,8/14/2025 9:35:00 AM,8/14/2025 9:35:00 AM,NEX_Short,Stop loss,($5.76),($207.00),$5.76,$0.00,$0.00,$0.00,$0.00,$0.00,$0.00,$5.76,1,
76,NQ SEP25,Backtest,NEXAbsorptionFramework,Short,1,23910.50,23910.50,8/14/2025 9:39:00 AM,8/14/2025 9:39:00 AM,NEX_Short,Stop loss,($5.76),($212.76),$5.76,$0.00,$0.00,$0.00,$0.00,$0.00,$0.00,$5.76,1,
77,NQ SEP25,Backtest,NEXAbsorptionFramework,Short,1,23904.25,23904.25,8/14/2025 9:45:00 AM,8/14/2025 9:45:00 AM,NEX_Short,Stop loss,($5.76),($218.52),$5.76,$0.00,$0.00,$0.00,$0.00,$0.00,$0.00,$5.76,1,
78,NQ SEP25,Backtest,NEXAbsorptionFramework,Short,1,23932.25,23932.25,8/14/2025 9:55:00 AM,8/14/2025 9:55:00 AM,NEX_Short,Stop loss,($5.76),($224.28),$5.76,$0.00,$0.00,$0.00,$0.00,$0.00,$0.00,$5.76,1,
79,NQ SEP25,Backtest,NEXAbsorptionFramework,Long,1,23922.00,23919.00,8/14/2025 9:58:00 AM,8/14/2025 9:58:00 AM,NEX_Long,Stop loss,($65.76),($290.04),$5.76,$0.00,$0.00,$0.00,$0.00,$60.00,$0.00,$65.76,1,
80,NQ SEP25,Backtest,NEXAbsorptionFramework,Long,1,23867.25,23864.25,8/15/2025 9:34:00 AM,8/15/2025 9:34:00 AM,NEX_Long,Stop loss,($65.76),($355.80),$5.76,$0.00,$0.00,$0.00,$0.00,$60.00,$0.00,$65.76,1,
81,NQ SEP25,Backtest,NEXAbsorptionFramework,Long,1,23857.25,23854.25,8/15/2025 9:45:00 AM,8/15/2025 9:45:00 AM,NEX_Long,Stop loss,($65.76),($421.56),$5.76,$0.00,$0.00,$0.00,$0.00,$60.00,$0.00,$65.76,1,
82,NQ SEP25,Backtest,NEXAbsorptionFramework,Long,1,23816.25,23813.25,8/15/2025 9:48:00 AM,8/15/2025 9:48:00 AM,NEX_Long,Stop loss,($65.76),($487.32),$5.76,$0.00,$0.00,$0.00,$0.00,$60.00,$0.00,$65.76,1,
83,NQ SEP25,Backtest,NEXAbsorptionFramework,Long,1,23753.00,23750.00,8/15/2025 11:45:00 AM,8/15/2025 11:45:00 AM,NEX_Long,Stop loss,($65.76),($553.08),$5.76,$0.00,$0.00,$0.00,$0.00,$60.00,$0.00,$65.76,1,
84,NQ SEP25,Backtest,NEXAbsorptionFramework,Short,1,23807.00,23807.00,8/15/2025 11:57:00 AM,8/15/2025 11:57:00 AM,NEX_Short,Stop loss,($5.76),($558.84),$5.76,$0.00,$0.00,$0.00,$0.00,$0.00,$0.00,$5.76,1,
85,NQ SEP25,Backtest,NEXAbsorptionFramework,Short,1,23802.00,23802.00,8/18/2025 9:32:00 AM,8/18/2025 9:32:00 AM,NEX_Short,Stop loss,($5.76),($564.60),$5.76,$0.00,$0.00,$0.00,$0.00,$0.00,$0.00,$5.76,1,
86,NQ SEP25,Backtest,NEXAbsorptionFramework,Long,1,23793.00,23798.00,8/18/2025 9:49:00 AM,8/18/2025 9:49:00 AM,NEX_Long,Profit target,$94.24,($470.36),$5.76,$0.00,$0.00,$0.00,$0.00,$0.00,$100.00,$5.76,1,
87,NQ SEP25,Backtest,NEXAbsorptionFramework,Long,1,23764.50,23761.50,8/18/2025 9:55:00 AM,8/18/2025 9:55:00 AM,NEX_Long,Stop loss,($65.76),($536.12),$5.76,$0.00,$0.00,$0.00,$0.00,$60.00,$0.00,$65.76,1,
88,NQ SEP25,Backtest,NEXAbsorptionFramework,Short,1,23758.25,23758.25,8/18/2025 1:17:00 PM,8/18/2025 1:17:00 PM,NEX_Short,Stop loss,($5.76),($541.88),$5.76,$0.00,$0.00,$0.00,$0.00,$0.00,$0.00,$5.76,1,
89,NQ SEP25,Backtest,NEXAbsorptionFramework,Short,1,23755.00,23755.00,8/19/2025 9:32:00 AM,8/19/2025 9:32:00 AM,NEX_Short,Stop loss,($5.76),($547.64),$5.76,$0.00,$0.00,$0.00,$0.00,$0.00,$0.00,$5.76,1,
90,NQ SEP25,Backtest,NEXAbsorptionFramework,Long,1,23677.50,23674.50,8/19/2025 9:38:00 AM,8/19/2025 9:38:00 AM,NEX_Long,Stop loss,($65.76),($613.40),$5.76,$0.00,$0.00,$0.00,$0.00,$60.00,$0.00,$65.76,1,
91,NQ SEP25,Backtest,NEXAbsorptionFramework,Short,1,23645.00,23645.00,8/19/2025 9:52:00 AM,8/19/2025 9:52:00 AM,NEX_Short,Stop loss,($5.76),($619.16),$5.76,$0.00,$0.00,$0.00,$0.00,$0.00,$0.00,$5.76,1,
92,NQ SEP25,Backtest,NEXAbsorptionFramework,Long,1,23606.00,23611.00,8/19/2025 10:41:00 AM,8/19/2025 10:41:00 AM,NEX_Long,Profit target,$94.24,($524.92),$5.76,$0.00,$0.00,$0.00,$0.00,$0.00,$100.00,$5.76,1,
93,NQ SEP25,Backtest,NEXAbsorptionFramework,Long,1,23544.50,23549.50,8/19/2025 12:23:00 PM,8/19/2025 12:23:00 PM,NEX_Long,Profit target,$94.24,($430.68),$5.76,$0.00,$0.00,$0.00,$0.00,$0.00,$100.00,$5.76,1,
94,NQ SEP25,Backtest,NEXAbsorptionFramework,Long,1,23461.00,23458.00,8/19/2025 1:08:00 PM,8/19/2025 1:08:00 PM,NEX_Long,Stop loss,($65.76),($496.44),$5.76,$0.00,$0.00,$0.00,$0.00,$60.00,$0.00,$65.76,1,
95,NQ SEP25,Backtest,NEXAbsorptionFramework,Long,1,23460.75,23457.75,8/19/2025 1:12:00 PM,8/19/2025 1:12:00 PM,NEX_Long,Stop loss,($65.76),($562.20),$5.76,$0.00,$0.00,$0.00,$0.00,$60.00,$0.00,$65.76,1,
96,NQ SEP25,Backtest,NEXAbsorptionFramework,Long,1,23449.00,23446.00,8/19/2025 2:52:00 PM,8/19/2025 2:52:00 PM,NEX_Long,Stop loss,($65.76),($627.96),$5.76,$0.00,$0.00,$0.00,$0.00,$60.00,$0.00,$65.76,1,
97,NQ SEP25,Backtest,NEXAbsorptionFramework,Long,1,23437.25,23434.25,8/19/2025 3:10:00 PM,8/19/2025 3:10:00 PM,NEX_Long,Stop loss,($65.76),($693.72),$5.76,$0.00,$0.00,$0.00,$0.00,$60.00,$0.00,$65.76,1,
98,NQ SEP25,Backtest,NEXAbsorptionFramework,Short,1,23385.25,23380.25,8/20/2025 9:32:00 AM,8/20/2025 9:32:00 AM,NEX_Short,Profit target,$94.24,($599.48),$5.76,$0.00,$0.00,$0.00,$0.00,$0.00,$100.00,$5.76,1,
99,NQ SEP25,Backtest,NEXAbsorptionFramework,Long,1,23397.25,23402.25,8/20/2025 9:35:00 AM,8/20/2025 9:35:00 AM,NEX_Long,Profit target,$94.24,($505.24),$5.76,$0.00,$0.00,$0.00,$0.00,$0.00,$100.00,$5.76,1,
100,NQ SEP25,Backtest,NEXAbsorptionFramework,Long,1,23192.75,23189.75,8/20/2025 9:57:00 AM,8/20/2025 9:57:00 AM,NEX_Long,Stop loss,($65.76),($571.00),$5.76,$0.00,$0.00,$0.00,$0.00,$60.00,$0.00,$65.76,1,
101,NQ SEP25,Backtest,NEXAbsorptionFramework,Long,1,23104.00,23101.00,8/20/2025 10:19:00 AM,8/20/2025 10:19:00 AM,NEX_Long,Stop loss,($65.76),($636.76),$5.76,$0.00,$0.00,$0.00,$0.00,$60.00,$0.00,$65.76,1,
102,NQ SEP25,Backtest,NEXAbsorptionFramework,Short,1,23141.00,23136.00,8/20/2025 10:26:00 AM,8/20/2025 10:27:00 AM,NEX_Short,Profit target,$94.24,($542.52),$5.76,$0.00,$0.00,$0.00,$0.00,$270.00,$100.00,$5.76,2,
103,NQ SEP25,Backtest,NEXAbsorptionFramework,Long,1,23079.00,23076.00,8/20/2025 10:43:00 AM,8/20/2025 10:43:00 AM,NEX_Long,Stop loss,($65.76),($608.28),$5.76,$0.00,$0.00,$0.00,$0.00,$60.00,$0.00,$65.76,1,
104,NQ SEP25,Backtest,NEXAbsorptionFramework,Long,1,23047.00,23052.00,8/20/2025 10:54:00 AM,8/20/2025 10:54:00 AM,NEX_Long,Profit target,$94.24,($514.04),$5.76,$0.00,$0.00,$0.00,$0.00,$0.00,$100.00,$5.76,1,
105,NQ SEP25,Backtest,NEXAbsorptionFramework,Long,1,23225.50,23222.50,8/20/2025 2:27:00 PM,8/20/2025 2:27:00 PM,NEX_Long,Stop loss,($65.76),($579.80),$5.76,$0.00,$0.00,$0.00,$0.00,$60.00,$0.00,$65.76,1,
106,NQ SEP25,Backtest,NEXAbsorptionFramework,Short,1,23200.50,23276.50,8/21/2025 9:32:00 AM,8/21/2025 9:41:00 AM,NEX_Short,TimeStopExitShort,($1525.76),($2105.56),$5.76,$0.00,$0.00,$0.00,$0.00,$1795.00,$10.00,$1535.76,10,
107,NQ SEP25,Backtest,NEXAbsorptionFramework,Short,1,23210.00,23277.25,8/22/2025 9:32:00 AM,8/22/2025 9:41:00 AM,NEX_Short,TimeStopExitShort,($1350.76),($3456.32),$5.76,$0.00,$0.00,$0.00,$0.00,$1505.00,$90.00,$1440.76,10,
108,NQ SEP25,Backtest,NEXAbsorptionFramework,Long,1,23470.00,23475.00,8/25/2025 9:36:00 AM,8/25/2025 9:36:00 AM,NEX_Long,Profit target,$94.24,($3362.08),$5.76,$0.00,$0.00,$0.00,$0.00,$0.00,$100.00,$5.76,1,
109,NQ SEP25,Backtest,NEXAbsorptionFramework,Short,1,23514.75,23509.75,8/25/2025 10:02:00 AM,8/25/2025 10:02:00 AM,NEX_Short,Profit target,$94.24,($3267.84),$5.76,$0.00,$0.00,$0.00,$0.00,$0.00,$100.00,$5.76,1,
110,NQ SEP25,Backtest,NEXAbsorptionFramework,Short,1,23546.25,23546.25,8/25/2025 10:18:00 AM,8/25/2025 10:18:00 AM,NEX_Short,Stop loss,($5.76),($3273.60),$5.76,$0.00,$0.00,$0.00,$0.00,$0.00,$0.00,$5.76,1,
111,NQ SEP25,Backtest,NEXAbsorptionFramework,Short,1,23569.00,23569.00,8/25/2025 10:53:00 AM,8/25/2025 10:53:00 AM,NEX_Short,Stop loss,($5.76),($3279.36),$5.76,$0.00,$0.00,$0.00,$0.00,$0.00,$0.00,$5.76,1,
112,NQ SEP25,Backtest,NEXAbsorptionFramework,Short,1,23570.75,23570.75,8/25/2025 11:03:00 AM,8/25/2025 11:03:00 AM,NEX_Short,Stop loss,($5.76),($3285.12),$5.76,$0.00,$0.00,$0.00,$0.00,$0.00,$0.00,$5.76,1,
113,NQ SEP25,Backtest,NEXAbsorptionFramework,Short,1,23596.00,23596.00,8/25/2025 11:32:00 AM,8/25/2025 11:32:00 AM,NEX_Short,Stop loss,($5.76),($3290.88),$5.76,$0.00,$0.00,$0.00,$0.00,$0.00,$0.00,$5.76,1,
114,NQ SEP25,Backtest,NEXAbsorptionFramework,Short,1,23469.50,23469.50,8/26/2025 9:32:00 AM,8/26/2025 9:32:00 AM,NEX_Short,Stop loss,($5.76),($3296.64),$5.76,$0.00,$0.00,$0.00,$0.00,$0.00,$0.00,$5.76,1,
115,NQ SEP25,Backtest,NEXAbsorptionFramework,Short,1,23502.00,23502.00,8/26/2025 9:36:00 AM,8/26/2025 9:36:00 AM,NEX_Short,Stop loss,($5.76),($3302.40),$5.76,$0.00,$0.00,$0.00,$0.00,$0.00,$0.00,$5.76,1,
116,NQ SEP25,Backtest,NEXAbsorptionFramework,Short,1,23513.50,23513.50,8/26/2025 10:21:00 AM,8/26/2025 10:21:00 AM,NEX_Short,Stop loss,($5.76),($3308.16),$5.76,$0.00,$0.00,$0.00,$0.00,$0.00,$0.00,$5.76,1,
117,NQ SEP25,Backtest,NEXAbsorptionFramework,Short,1,23541.50,23541.50,8/26/2025 10:25:00 AM,8/26/2025 10:25:00 AM,NEX_Short,Stop loss,($5.76),($3313.92),$5.76,$0.00,$0.00,$0.00,$0.00,$0.00,$0.00,$5.76,1,
118,NQ SEP25,Backtest,NEXAbsorptionFramework,Short,1,23539.75,23539.75,8/26/2025 10:29:00 AM,8/26/2025 10:29:00 AM,NEX_Short,Stop loss,($5.76),($3319.68),$5.76,$0.00,$0.00,$0.00,$0.00,$0.00,$0.00,$5.76,1,
119,NQ SEP25,Backtest,NEXAbsorptionFramework,Short,1,23533.75,23528.75,8/27/2025 9:32:00 AM,8/27/2025 9:32:00 AM,NEX_Short,Profit target,$94.24,($3225.44),$5.76,$0.00,$0.00,$0.00,$0.00,$0.00,$100.00,$5.76,1,
120,NQ SEP25,Backtest,NEXAbsorptionFramework,Short,1,23543.00,23543.00,8/27/2025 9:37:00 AM,8/27/2025 9:37:00 AM,NEX_Short,Stop loss,($5.76),($3231.20),$5.76,$0.00,$0.00,$0.00,$0.00,$0.00,$0.00,$5.76,1,
121,NQ SEP25,Backtest,NEXAbsorptionFramework,Long,1,23511.50,23508.50,8/27/2025 9:54:00 AM,8/27/2025 9:54:00 AM,NEX_Long,Stop loss,($65.76),($3296.96),$5.76,$0.00,$0.00,$0.00,$0.00,$60.00,$0.00,$65.76,1,
122,NQ SEP25,Backtest,NEXAbsorptionFramework,Short,1,23597.50,23597.50,8/27/2025 10:23:00 AM,8/27/2025 10:23:00 AM,NEX_Short,Stop loss,($5.76),($3302.72),$5.76,$0.00,$0.00,$0.00,$0.00,$0.00,$0.00,$5.76,1,
123,NQ SEP25,Backtest,NEXAbsorptionFramework,Short,1,23601.50,23601.50,8/27/2025 10:34:00 AM,8/27/2025 10:34:00 AM,NEX_Short,Stop loss,($5.76),($3308.48),$5.76,$0.00,$0.00,$0.00,$0.00,$0.00,$0.00,$5.76,1,
124,NQ SEP25,Backtest,NEXAbsorptionFramework,Short,1,23619.00,23619.00,8/27/2025 11:52:00 AM,8/27/2025 11:52:00 AM,NEX_Short,Stop loss,($5.76),($3314.24),$5.76,$0.00,$0.00,$0.00,$0.00,$0.00,$0.00,$5.76,1,
125,NQ SEP25,Backtest,NEXAbsorptionFramework,Long,1,23704.75,23701.75,8/28/2025 9:32:00 AM,8/28/2025 9:32:00 AM,NEX_Long,Stop loss,($65.76),($3380.00),$5.76,$0.00,$0.00,$0.00,$0.00,$60.00,$0.00,$65.76,1,
126,NQ SEP25,Backtest,NEXAbsorptionFramework,Long,1,23620.25,23617.25,8/28/2025 9:54:00 AM,8/28/2025 9:54:00 AM,NEX_Long,Stop loss,($65.76),($3445.76),$5.76,$0.00,$0.00,$0.00,$0.00,$60.00,$0.00,$65.76,1,
127,NQ SEP25,Backtest,NEXAbsorptionFramework,Long,1,23730.00,23735.00,8/28/2025 11:17:00 AM,8/28/2025 11:17:00 AM,NEX_Long,Profit target,$94.24,($3351.52),$5.76,$0.00,$0.00,$0.00,$0.00,$0.00,$100.00,$5.76,1,
128,NQ SEP25,Backtest,NEXAbsorptionFramework,Long,1,23704.25,23701.25,8/28/2025 11:43:00 AM,8/28/2025 11:43:00 AM,NEX_Long,Stop loss,($65.76),($3417.28),$5.76,$0.00,$0.00,$0.00,$0.00,$60.00,$0.00,$65.76,1,
129,NQ SEP25,Backtest,NEXAbsorptionFramework,Short,1,23765.50,23765.50,8/28/2025 1:57:00 PM,8/28/2025 1:57:00 PM,NEX_Short,Stop loss,($5.76),($3423.04),$5.76,$0.00,$0.00,$0.00,$0.00,$0.00,$0.00,$5.76,1,
130,NQ SEP25,Backtest,NEXAbsorptionFramework,Short,1,23771.25,23771.25,8/28/2025 2:28:00 PM,8/28/2025 2:28:00 PM,NEX_Short,Stop loss,($5.76),($3428.80),$5.76,$0.00,$0.00,$0.00,$0.00,$0.00,$0.00,$5.76,1,
131,NQ SEP25,Backtest,NEXAbsorptionFramework,Short,1,23780.25,23780.25,8/28/2025 2:45:00 PM,8/28/2025 2:45:00 PM,NEX_Short,Stop loss,($5.76),($3434.56),$5.76,$0.00,$0.00,$0.00,$0.00,$0.00,$0.00,$5.76,1,
132,NQ SEP25,Backtest,NEXAbsorptionFramework,Short,1,23787.00,23787.00,8/28/2025 2:57:00 PM,8/28/2025 2:57:00 PM,NEX_Short,Stop loss,($5.76),($3440.32),$5.76,$0.00,$0.00,$0.00,$0.00,$0.00,$0.00,$5.76,1,
133,NQ SEP25,Backtest,NEXAbsorptionFramework,Short,1,23650.25,23650.25,8/29/2025 9:32:00 AM,8/29/2025 9:32:00 AM,NEX_Short,Stop loss,($5.76),($3446.08),$5.76,$0.00,$0.00,$0.00,$0.00,$0.00,$0.00,$5.76,1,
134,NQ SEP25,Backtest,NEXAbsorptionFramework,Long,1,23543.00,23548.00,8/29/2025 9:52:00 AM,8/29/2025 9:52:00 AM,NEX_Long,Profit target,$94.24,($3351.84),$5.76,$0.00,$0.00,$0.00,$0.00,$0.00,$100.00,$5.76,1,
135,NQ SEP25,Backtest,NEXAbsorptionFramework,Long,1,23544.25,23549.25,8/29/2025 10:02:00 AM,8/29/2025 10:02:00 AM,NEX_Long,Profit target,$94.24,($3257.60),$5.76,$0.00,$0.00,$0.00,$0.00,$0.00,$100.00,$5.76,1,
136,NQ SEP25,Backtest,NEXAbsorptionFramework,Short,1,23448.50,23443.50,8/29/2025 10:12:00 AM,8/29/2025 10:12:00 AM,NEX_Short,Profit target,$94.24,($3163.36),$5.76,$0.00,$0.00,$0.00,$0.00,$0.00,$100.00,$5.76,1,
137,NQ SEP25,Backtest,NEXAbsorptionFramework,Long,1,23460.00,23465.00,8/29/2025 10:15:00 AM,8/29/2025 10:15:00 AM,NEX_Long,Profit target,$94.24,($3069.12),$5.76,$0.00,$0.00,$0.00,$0.00,$0.00,$100.00,$5.76,1,
138,NQ SEP25,Backtest,NEXAbsorptionFramework,Long,1,23463.75,23460.75,8/29/2025 10:21:00 AM,8/29/2025 10:21:00 AM,NEX_Long,Stop loss,($65.76),($3134.88),$5.76,$0.00,$0.00,$0.00,$0.00,$60.00,$0.00,$65.76,1,
139,NQ SEP25,Backtest,NEXAbsorptionFramework,Long,1,23499.75,23496.75,8/29/2025 10:33:00 AM,8/29/2025 10:33:00 AM,NEX_Long,Stop loss,($65.76),($3200.64),$5.76,$0.00,$0.00,$0.00,$0.00,$60.00,$0.00,$65.76,1,
140,NQ SEP25,Backtest,NEXAbsorptionFramework,Short,1,23504.50,23504.50,8/29/2025 10:42:00 AM,8/29/2025 10:42:00 AM,NEX_Short,Stop loss,($5.76),($3206.40),$5.76,$0.00,$0.00,$0.00,$0.00,$0.00,$0.00,$5.76,1,
141,NQ SEP25,Backtest,NEXAbsorptionFramework,Long,1,23457.75,23462.75,8/29/2025 1:52:00 PM,8/29/2025 1:52:00 PM,NEX_Long,Profit target,$94.24,($3112.16),$5.76,$0.00,$0.00,$0.00,$0.00,$0.00,$100.00,$5.76,1,
142,NQ SEP25,Backtest,NEXAbsorptionFramework,Short,1,23056.75,23051.75,9/2/2025 9:32:00 AM,9/2/2025 9:32:00 AM,NEX_Short,Profit target,$94.24,($3017.92),$5.76,$0.00,$0.00,$0.00,$0.00,$0.00,$100.00,$5.76,1,
143,NQ SEP25,Backtest,NEXAbsorptionFramework,Long,1,23162.25,23167.25,9/2/2025 9:47:00 AM,9/2/2025 9:47:00 AM,NEX_Long,Profit target,$94.24,($2923.68),$5.76,$0.00,$0.00,$0.00,$0.00,$0.00,$100.00,$5.76,1,
144,NQ SEP25,Backtest,NEXAbsorptionFramework,Long,1,23062.75,23059.75,9/2/2025 11:44:00 AM,9/2/2025 11:44:00 AM,NEX_Long,Stop loss,($65.76),($2989.44),$5.76,$0.00,$0.00,$0.00,$0.00,$60.00,$0.00,$65.76,1,
145,NQ SEP25,Backtest,NEXAbsorptionFramework,Short,1,23073.00,23068.00,9/2/2025 12:26:00 PM,9/2/2025 12:26:00 PM,NEX_Short,Profit target,$94.24,($2895.20),$5.76,$0.00,$0.00,$0.00,$0.00,$0.00,$100.00,$5.76,1,
146,NQ SEP25,Backtest,NEXAbsorptionFramework,Short,1,23176.50,23171.50,9/2/2025 2:25:00 PM,9/2/2025 2:27:00 PM,NEX_Short,Profit target,$94.24,($2800.96),$5.76,$0.00,$0.00,$0.00,$0.00,$135.00,$100.00,$5.76,3,
147,NQ SEP25,Backtest,NEXAbsorptionFramework,Short,1,23411.25,23416.00,9/3/2025 9:32:00 AM,9/3/2025 9:32:00 AM,NEX_Short,Stop loss,($100.76),($2901.72),$5.76,$0.00,$0.00,$0.00,$0.00,$95.00,$0.00,$100.76,1,
148,NQ SEP25,Backtest,NEXAbsorptionFramework,Long,1,23404.50,23401.50,9/3/2025 9:51:00 AM,9/3/2025 9:51:00 AM,NEX_Long,Stop loss,($65.76),($2967.48),$5.76,$0.00,$0.00,$0.00,$0.00,$60.00,$0.00,$65.76,1,
149,NQ SEP25,Backtest,NEXAbsorptionFramework,Short,1,23429.00,23429.00,9/3/2025 10:07:00 AM,9/3/2025 10:07:00 AM,NEX_Short,Stop loss,($5.76),($2973.24),$5.76,$0.00,$0.00,$0.00,$0.00,$0.00,$0.00,$5.76,1,
150,NQ SEP25,Backtest,NEXAbsorptionFramework,Short,1,23476.75,23476.75,9/3/2025 10:39:00 AM,9/3/2025 10:39:00 AM,NEX_Short,Stop loss,($5.76),($2979.00),$5.76,$0.00,$0.00,$0.00,$0.00,$0.00,$0.00,$5.76,1,
151,NQ SEP25,Backtest,NEXAbsorptionFramework,Short,1,23504.50,23504.50,9/3/2025 10:47:00 AM,9/3/2025 10:47:00 AM,NEX_Short,Stop loss,($5.76),($2984.76),$5.76,$0.00,$0.00,$0.00,$0.00,$0.00,$0.00,$5.76,1,
152,NQ SEP25,Backtest,NEXAbsorptionFramework,Short,1,23478.00,23478.00,9/4/2025 9:54:00 AM,9/4/2025 9:54:00 AM,NEX_Short,Stop loss,($5.76),($2990.52),$5.76,$0.00,$0.00,$0.00,$0.00,$0.00,$0.00,$5.76,1,
153,NQ SEP25,Backtest,NEXAbsorptionFramework,Long,1,23425.25,23422.25,9/4/2025 10:19:00 AM,9/4/2025 10:19:00 AM,NEX_Long,Stop loss,($65.76),($3056.28),$5.76,$0.00,$0.00,$0.00,$0.00,$60.00,$0.00,$65.76,1,
154,NQ SEP25,Backtest,NEXAbsorptionFramework,Short,1,23549.50,23549.50,9/4/2025 11:30:00 AM,9/4/2025 11:30:00 AM,NEX_Short,Stop loss,($5.76),($3062.04),$5.76,$0.00,$0.00,$0.00,$0.00,$0.00,$0.00,$5.76,1,
155,NQ SEP25,Backtest,NEXAbsorptionFramework,Short,1,23555.00,23555.00,9/4/2025 12:53:00 PM,9/4/2025 12:53:00 PM,NEX_Short,Stop loss,($5.76),($3067.80),$5.76,$0.00,$0.00,$0.00,$0.00,$0.00,$0.00,$5.76,1,
156,NQ SEP25,Backtest,NEXAbsorptionFramework,Short,1,23558.50,23558.50,9/4/2025 12:57:00 PM,9/4/2025 12:57:00 PM,NEX_Short,Stop loss,($5.76),($3073.56),$5.76,$0.00,$0.00,$0.00,$0.00,$0.00,$0.00,$5.76,1,
157,NQ SEP25,Backtest,NEXAbsorptionFramework,Short,1,23852.75,23852.75,9/5/2025 9:32:00 AM,9/5/2025 9:32:00 AM,NEX_Short,Stop loss,($5.76),($3079.32),$5.76,$0.00,$0.00,$0.00,$0.00,$0.00,$0.00,$5.76,1,
158,NQ SEP25,Backtest,NEXAbsorptionFramework,Long,1,23836.50,23841.50,9/5/2025 9:41:00 AM,9/5/2025 9:41:00 AM,NEX_Long,Profit target,$94.24,($2985.08),$5.76,$0.00,$0.00,$0.00,$0.00,$0.00,$100.00,$5.76,1,
159,NQ SEP25,Backtest,NEXAbsorptionFramework,Long,1,23588.75,23585.75,9/5/2025 10:51:00 AM,9/5/2025 10:51:00 AM,NEX_Long,Stop loss,($65.76),($3050.84),$5.76,$0.00,$0.00,$0.00,$0.00,$60.00,$0.00,$65.76,1,
160,NQ SEP25,Backtest,NEXAbsorptionFramework,Long,1,23531.25,23528.25,9/5/2025 11:05:00 AM,9/5/2025 11:05:00 AM,NEX_Long,Stop loss,($65.76),($3116.60),$5.76,$0.00,$0.00,$0.00,$0.00,$60.00,$0.00,$65.76,1,
161,NQ SEP25,Backtest,NEXAbsorptionFramework,Short,1,23607.75,23607.75,9/5/2025 11:27:00 AM,9/5/2025 11:27:00 AM,NEX_Short,Stop loss,($5.76),($3122.36),$5.76,$0.00,$0.00,$0.00,$0.00,$0.00,$0.00,$5.76,1,
162,NQ SEP25,Backtest,NEXAbsorptionFramework,Short,1,23662.25,23662.25,9/5/2025 11:46:00 AM,9/5/2025 11:46:00 AM,NEX_Short,Stop loss,($5.76),($3128.12),$5.76,$0.00,$0.00,$0.00,$0.00,$0.00,$0.00,$5.76,1,
163,NQ SEP25,Backtest,NEXAbsorptionFramework,Long,1,23628.50,23633.50,9/5/2025 11:56:00 AM,9/5/2025 11:56:00 AM,NEX_Long,Profit target,$94.24,($3033.88),$5.76,$0.00,$0.00,$0.00,$0.00,$0.00,$100.00,$5.76,1,
164,NQ SEP25,Backtest,NEXAbsorptionFramework,Short,1,23613.50,23613.50,9/5/2025 12:57:00 PM,9/5/2025 12:57:00 PM,NEX_Short,Stop loss,($5.76),($3039.64),$5.76,$0.00,$0.00,$0.00,$0.00,$0.00,$0.00,$5.76,1,
165,NQ SEP25,Backtest,NEXAbsorptionFramework,Short,1,23632.50,23627.50,9/5/2025 1:34:00 PM,9/5/2025 1:34:00 PM,NEX_Short,Profit target,$94.24,($2945.40),$5.76,$0.00,$0.00,$0.00,$0.00,$0.00,$100.00,$5.76,1,
166,NQ SEP25,Backtest,NEXAbsorptionFramework,Short,1,23667.50,23667.50,9/5/2025 3:17:00 PM,9/5/2025 3:17:00 PM,NEX_Short,Stop loss,($5.76),($2951.16),$5.76,$0.00,$0.00,$0.00,$0.00,$0.00,$0.00,$5.76,1,
167,NQ SEP25,Backtest,NEXAbsorptionFramework,Long,1,23674.50,23679.50,9/5/2025 3:23:00 PM,9/5/2025 3:24:00 PM,NEX_Long,Profit target,$94.24,($2856.92),$5.76,$0.00,$0.00,$0.00,$0.00,$55.00,$100.00,$5.76,2,
168,NQ SEP25,Backtest,NEXAbsorptionFramework,Long,1,23788.25,23793.25,9/8/2025 9:32:00 AM,9/8/2025 9:32:00 AM,NEX_Long,Profit target,$94.24,($2762.68),$5.76,$0.00,$0.00,$0.00,$0.00,$0.00,$100.00,$5.76,1,
169,NQ SEP25,Backtest,NEXAbsorptionFramework,Short,1,23871.75,23871.75,9/8/2025 9:59:00 AM,9/8/2025 9:59:00 AM,NEX_Short,Stop loss,($5.76),($2768.44),$5.76,$0.00,$0.00,$0.00,$0.00,$0.00,$0.00,$5.76,1,
170,NQ SEP25,Backtest,NEXAbsorptionFramework,Short,1,23870.50,23865.50,9/8/2025 10:33:00 AM,9/8/2025 10:33:00 AM,NEX_Short,Profit target,$94.24,($2674.20),$5.76,$0.00,$0.00,$0.00,$0.00,$0.00,$100.00,$5.76,1,
171,NQ SEP25,Backtest,NEXAbsorptionFramework,Short,1,23876.50,23876.50,9/8/2025 10:51:00 AM,9/8/2025 10:51:00 AM,NEX_Short,Stop loss,($5.76),($2679.96),$5.76,$0.00,$0.00,$0.00,$0.00,$0.00,$0.00,$5.76,1,
172,NQ SEP25,Backtest,NEXAbsorptionFramework,Long,1,23873.00,23870.00,9/8/2025 10:57:00 AM,9/8/2025 10:57:00 AM,NEX_Long,Stop loss,($65.76),($2745.72),$5.76,$0.00,$0.00,$0.00,$0.00,$60.00,$0.00,$65.76,1,
173,NQ SEP25,Backtest,NEXAbsorptionFramework,Long,1,23867.75,23864.75,9/8/2025 11:10:00 AM,9/8/2025 11:10:00 AM,NEX_Long,Stop loss,($65.76),($2811.48),$5.76,$0.00,$0.00,$0.00,$0.00,$60.00,$0.00,$65.76,1,
174,NQ SEP25,Backtest,NEXAbsorptionFramework,Short,1,23846.25,23846.25,9/8/2025 12:14:00 PM,9/8/2025 12:14:00 PM,NEX_Short,Stop loss,($5.76),($2817.24),$5.76,$0.00,$0.00,$0.00,$0.00,$0.00,$0.00,$5.76,1,
175,NQ SEP25,Backtest,NEXAbsorptionFramework,Short,1,23786.75,23786.75,9/8/2025 3:05:00 PM,9/8/2025 3:05:00 PM,NEX_Short,Stop loss,($5.76),($2823.00),$5.76,$0.00,$0.00,$0.00,$0.00,$0.00,$0.00,$5.76,1,
176,NQ SEP25,Backtest,NEXAbsorptionFramework,Long,1,23845.25,23850.25,9/9/2025 9:33:00 AM,9/9/2025 9:33:00 AM,NEX_Long,Profit target,$94.24,($2728.76),$5.76,$0.00,$0.00,$0.00,$0.00,$0.00,$100.00,$5.76,1,
177,NQ SEP25,Backtest,NEXAbsorptionFramework,Short,1,23795.50,23795.50,9/9/2025 12:07:00 PM,9/9/2025 12:07:00 PM,NEX_Short,Stop loss,($5.76),($2734.52),$5.76,$0.00,$0.00,$0.00,$0.00,$0.00,$0.00,$5.76,1,
178,NQ SEP25,Backtest,NEXAbsorptionFramework,Long,1,23821.50,23818.50,9/9/2025 12:43:00 PM,9/9/2025 12:43:00 PM,NEX_Long,Stop loss,($65.76),($2800.28),$5.76,$0.00,$0.00,$0.00,$0.00,$60.00,$0.00,$65.76,1,
179,NQ SEP25,Backtest,NEXAbsorptionFramework,Short,1,23837.75,23837.75,9/9/2025 1:53:00 PM,9/9/2025 1:53:00 PM,NEX_Short,Stop loss,($5.76),($2806.04),$5.76,$0.00,$0.00,$0.00,$0.00,$0.00,$0.00,$5.76,1,
180,NQ SEP25,Backtest,NEXAbsorptionFramework,Long,1,23848.00,23845.00,9/9/2025 2:57:00 PM,9/9/2025 2:58:00 PM,NEX_Long,Stop loss,($65.76),($2871.80),$5.76,$0.00,$0.00,$0.00,$0.00,$60.00,$5.00,$70.76,2,
181,NQ SEP25,Backtest,NEXAbsorptionFramework,Short,1,23856.50,23856.50,9/9/2025 3:31:00 PM,9/9/2025 3:31:00 PM,NEX_Short,Stop loss,($5.76),($2877.56),$5.76,$0.00,$0.00,$0.00,$0.00,$0.00,$0.00,$5.76,1,
182,NQ SEP25,Backtest,NEXAbsorptionFramework,Long,1,23943.25,23940.25,9/10/2025 9:32:00 AM,9/10/2025 9:32:00 AM,NEX_Long,Stop loss,($65.76),($2943.32),$5.76,$0.00,$0.00,$0.00,$0.00,$60.00,$0.00,$65.76,1,
183,NQ SEP25,Backtest,NEXAbsorptionFramework,Short,1,23954.00,23954.00,9/10/2025 9:38:00 AM,9/10/2025 9:38:00 AM,NEX_Short,Stop loss,($5.76),($2949.08),$5.76,$0.00,$0.00,$0.00,$0.00,$0.00,$0.00,$5.76,1,
184,NQ SEP25,Backtest,NEXAbsorptionFramework,Short,1,23968.75,23968.75,9/10/2025 10:09:00 AM,9/10/2025 10:09:00 AM,NEX_Short,Stop loss,($5.76),($2954.84),$5.76,$0.00,$0.00,$0.00,$0.00,$0.00,$0.00,$5.76,1,
185,NQ SEP25,Backtest,NEXAbsorptionFramework,Short,1,23926.25,23926.25,9/10/2025 12:09:00 PM,9/10/2025 12:09:00 PM,NEX_Short,Stop loss,($5.76),($2960.60),$5.76,$0.00,$0.00,$0.00,$0.00,$0.00,$0.00,$5.76,1,
186,NQ SEP25,Backtest,NEXAbsorptionFramework,Long,1,23908.50,23905.50,9/10/2025 12:52:00 PM,9/10/2025 12:52:00 PM,NEX_Long,Stop loss,($65.76),($3026.36),$5.76,$0.00,$0.00,$0.00,$0.00,$60.00,$0.00,$65.76,1,
187,NQ SEP25,Backtest,NEXAbsorptionFramework,Long,1,23980.00,23977.00,9/11/2025 9:32:00 AM,9/11/2025 9:32:00 AM,NEX_Long,Stop loss,($65.76),($3092.12),$5.76,$0.00,$0.00,$0.00,$0.00,$60.00,$0.00,$65.76,1,
188,NQ SEP25,Backtest,NEXAbsorptionFramework,Long,1,23972.75,23969.75,9/11/2025 9:58:00 AM,9/11/2025 9:58:00 AM,NEX_Long,Stop loss,($65.76),($3157.88),$5.76,$0.00,$0.00,$0.00,$0.00,$60.00,$0.00,$65.76,1,
189,NQ SEP25,Backtest,NEXAbsorptionFramework,Short,1,23986.50,23986.50,9/11/2025 10:11:00 AM,9/11/2025 10:11:00 AM,NEX_Short,Stop loss,($5.76),($3163.64),$5.76,$0.00,$0.00,$0.00,$0.00,$0.00,$0.00,$5.76,1,
190,NQ SEP25,Backtest,NEXAbsorptionFramework,Short,1,23964.00,23964.00,9/11/2025 10:15:00 AM,9/11/2025 10:15:00 AM,NEX_Short,Stop loss,($5.76),($3169.40),$5.76,$0.00,$0.00,$0.00,$0.00,$0.00,$0.00,$5.76,1,
191,NQ SEP25,Backtest,NEXAbsorptionFramework,Short,1,24010.00,24010.00,9/11/2025 10:43:00 AM,9/11/2025 10:43:00 AM,NEX_Short,Stop loss,($5.76),($3175.16),$5.76,$0.00,$0.00,$0.00,$0.00,$0.00,$0.00,$5.76,1,
192,NQ SEP25,Backtest,NEXAbsorptionFramework,Long,1,24047.75,24044.75,9/12/2025 9:32:00 AM,9/12/2025 9:32:00 AM,NEX_Long,Stop loss,($65.76),($3240.92),$5.76,$0.00,$0.00,$0.00,$0.00,$60.00,$0.00,$65.76,1,
193,NQ SEP25,Backtest,NEXAbsorptionFramework,Short,1,24041.25,24041.25,9/12/2025 9:59:00 AM,9/12/2025 9:59:00 AM,NEX_Short,Stop loss,($5.76),($3246.68),$5.76,$0.00,$0.00,$0.00,$0.00,$0.00,$0.00,$5.76,1,
194,NQ SEP25,Backtest,NEXAbsorptionFramework,Short,1,24068.25,24068.25,9/12/2025 10:29:00 AM,9/12/2025 10:29:00 AM,NEX_Short,Stop loss,($5.76),($3252.44),$5.76,$0.00,$0.00,$0.00,$0.00,$0.00,$0.00,$5.76,1,
195,NQ SEP25,Backtest,NEXAbsorptionFramework,Short,1,24083.00,24083.00,9/12/2025 10:38:00 AM,9/12/2025 10:38:00 AM,NEX_Short,Stop loss,($5.76),($3258.20),$5.76,$0.00,$0.00,$0.00,$0.00,$0.00,$0.00,$5.76,1,
196,NQ SEP25,Backtest,NEXAbsorptionFramework,Short,1,24076.75,24076.75,9/12/2025 10:42:00 AM,9/12/2025 10:42:00 AM,NEX_Short,Stop loss,($5.76),($3263.96),$5.76,$0.00,$0.00,$0.00,$0.00,$0.00,$0.00,$5.76,1,
197,NQ SEP25,Backtest,NEXAbsorptionFramework,Short,1,24192.00,24192.00,9/15/2025 9:35:00 AM,9/15/2025 9:35:00 AM,NEX_Short,Stop loss,($5.76),($3269.72),$5.76,$0.00,$0.00,$0.00,$0.00,$0.00,$0.00,$5.76,1,
198,NQ SEP25,Backtest,NEXAbsorptionFramework,Short,1,24213.50,24213.50,9/15/2025 9:41:00 AM,9/15/2025 9:41:00 AM,NEX_Short,Stop loss,($5.76),($3275.48),$5.76,$0.00,$0.00,$0.00,$0.00,$0.00,$0.00,$5.76,1,
199,NQ SEP25,Backtest,NEXAbsorptionFramework,Short,1,24215.75,24215.75,9/15/2025 9:44:00 AM,9/15/2025 9:44:00 AM,NEX_Short,Stop loss,($5.76),($3281.24),$5.76,$0.00,$0.00,$0.00,$0.00,$0.00,$0.00,$5.76,1,
200,NQ SEP25,Backtest,NEXAbsorptionFramework,Short,1,24238.75,24238.75,9/15/2025 9:54:00 AM,9/15/2025 9:54:00 AM,NEX_Short,Stop loss,($5.76),($3287.00),$5.76,$0.00,$0.00,$0.00,$0.00,$0.00,$0.00,$5.76,1,
201,NQ SEP25,Backtest,NEXAbsorptionFramework,Short,1,24278.25,24278.25,9/15/2025 11:55:00 AM,9/15/2025 11:55:00 AM,NEX_Short,Stop loss,($5.76),($3292.76),$5.76,$0.00,$0.00,$0.00,$0.00,$0.00,$0.00,$5.76,1,
202,NQ SEP25,Backtest,NEXAbsorptionFramework,Long,1,24342.00,24339.00,9/16/2025 9:32:00 AM,9/16/2025 9:32:00 AM,NEX_Long,Stop loss,($65.76),($3358.52),$5.76,$0.00,$0.00,$0.00,$0.00,$60.00,$0.00,$65.76,1,
203,NQ SEP25,Backtest,NEXAbsorptionFramework,Long,1,24311.75,24308.75,9/16/2025 9:48:00 AM,9/16/2025 9:48:00 AM,NEX_Long,Stop loss,($65.76),($3424.28),$5.76,$0.00,$0.00,$0.00,$0.00,$60.00,$0.00,$65.76,1,
204,NQ SEP25,Backtest,NEXAbsorptionFramework,Long,1,24294.75,24299.75,9/16/2025 10:15:00 AM,9/16/2025 10:15:00 AM,NEX_Long,Profit target,$94.24,($3330.04),$5.76,$0.00,$0.00,$0.00,$0.00,$0.00,$100.00,$5.76,1,
205,NQ SEP25,Backtest,NEXAbsorptionFramework,Long,1,24267.75,24272.75,9/16/2025 11:45:00 AM,9/16/2025 11:46:00 AM,NEX_Long,Profit target,$94.24,($3235.80),$5.76,$0.00,$0.00,$0.00,$0.00,$50.00,$100.00,$5.76,2,
206,NQ SEP25,Backtest,NEXAbsorptionFramework,Long,1,24268.50,24268.00,9/16/2025 12:09:00 PM,9/16/2025 12:09:00 PM,NEX_Long,Stop loss,($15.76),($3251.56),$5.76,$0.00,$0.00,$0.00,$0.00,$10.00,$0.00,$15.76,1,
207,NQ SEP25,Backtest,NEXAbsorptionFramework,Short,1,24284.50,24279.50,9/17/2025 9:33:00 AM,9/17/2025 9:33:00 AM,NEX_Short,Profit target,$94.24,($3157.32),$5.76,$0.00,$0.00,$0.00,$0.00,$0.00,$100.00,$5.76,1,
208,NQ SEP25,Backtest,NEXAbsorptionFramework,Short,1,24165.25,24165.25,9/17/2025 12:04:00 PM,9/17/2025 12:04:00 PM,NEX_Short,Stop loss,($5.76),($3163.08),$5.76,$0.00,$0.00,$0.00,$0.00,$0.00,$0.00,$5.76,1,
209,NQ SEP25,Backtest,NEXAbsorptionFramework,Long,1,24168.75,24168.75,9/17/2025 12:07:00 PM,9/17/2025 12:07:00 PM,NEX_Long,Stop loss,($5.76),($3168.84),$5.76,$0.00,$0.00,$0.00,$0.00,$0.00,$0.00,$5.76,1,
210,NQ SEP25,Backtest,NEXAbsorptionFramework,Long,1,24168.75,24168.75,9/17/2025 1:31:00 PM,9/17/2025 1:31:00 PM,NEX_Long,Stop loss,($5.76),($3174.60),$5.76,$0.00,$0.00,$0.00,$0.00,$0.00,$0.00,$5.76,1,
211,NQ SEP25,Backtest,NEXAbsorptionFramework,Long,1,24084.25,24084.25,9/17/2025 2:45:00 PM,9/17/2025 2:45:00 PM,NEX_Long,Stop loss,($5.76),($3180.36),$5.76,$0.00,$0.00,$0.00,$0.00,$0.00,$0.00,$5.76,1,
212,NQ SEP25,Backtest,NEXAbsorptionFramework,Short,1,24453.50,24453.50,9/18/2025 9:39:00 AM,9/18/2025 9:39:00 AM,NEX_Short,Stop loss,($5.76),($3186.12),$5.76,$0.00,$0.00,$0.00,$0.00,$0.00,$0.00,$5.76,1,
213,NQ SEP25,Backtest,NEXAbsorptionFramework,Long,1,24398.50,24403.50,9/18/2025 9:44:00 AM,9/18/2025 9:44:00 AM,NEX_Long,Profit target,$94.24,($3091.88),$5.76,$0.00,$0.00,$0.00,$0.00,$0.00,$100.00,$5.76,1,
214,NQ SEP25,Backtest,NEXAbsorptionFramework,Short,1,24501.50,24501.50,9/18/2025 10:13:00 AM,9/18/2025 10:13:00 AM,NEX_Short,Stop loss,($5.76),($3097.64),$5.76,$0.00,$0.00,$0.00,$0.00,$0.00,$0.00,$5.76,1,
